{"cameraMode":{"drawMode":0,"name":"Shaded","section":"Shading Mode"},"sceneLighting":true,"audioPlay":false,"sceneViewState":{"m_AlwaysRefresh":false,"showFog":true,"showSkybox":true,"showFlares":true,"showImageEffects":true,"showParticleSystems":true,"showVisualEffectGraphs":true,"m_FxEnabled":true},"in2DMode":false,"pivot":{"x":1.4327951669692994,"y":-16.243921279907228,"z":9.581929206848145},"rotation":{"x":0.4953671991825104,"y":0.04426605999469757,"z":-0.025284528732299806,"w":0.8671900629997253},"size":9.919244766235352,"orthographic":false}